{
    "gesamt": {
        "Intercept": 7.728074871,
        "BE": 0.011890664,
        "BE_quad": -0.000228978,
        "BE_X": 44,
        "EF58_1D0": -0.052197306,
        "EF58_1D1": 0,
        "EF58_1DX": -0.052197306,
        "EF59U3_11": -0.057393375,
        "EF59U3_13": 0.101060562,
        "EF59U3_14": 0.114899843,
        "EF59U3_15": 0.215643016,
        "EF59U3_16": 0.301636806,
        "EF59U3_12": 0,
        "UNGr_UN1": -0.176104724,
        "UNGr_UN2": -0.108374347,
        "UNGr_UN3": -0.070322611,
        "UNGr_UN4": -0.041681672,
        "UNGr_UN5": -0.026365675,
        "UNGr_UN6": 0,
        "UNGr_UNX": 0,
        "EF40_1": 0.006794625,
        "EF40_Quad": -0.000053742,
        "EF40_1_X": 11,
        "EF13_101": -0.014783223,
        "EF13_102": 0.030598609,
        "EF13_103": -0.000773451,
        "EF13_104": -0.002978432,
        "EF13_106": 0.028518535,
        "EF13_107": -0.003308257,
        "EF13_108": 0.051670853,
        "EF13_109": 0.033851849,
        "EF13_110": -0.001844471,
        "EF13_111": -0.010577471,
        "EF13_112": -0.083903960,
        "EF13_113": -0.093585139,
        "EF13_114": -0.114365980,
        "EF13_115": -0.103300556,
        "EF13_116": -0.102955334,
        "EF13_105": 0,
        "EF17BefrD1": -0.075336590,
        "EF17BefrD0": 0,
        "EF17BefrDX": 0,
        "A01": -0.006960630,
        "A02": 0.079662851,
        "A03": 0.091056455,
        "B05": 0.289474004,
        "B06": 0.466050001,
        "B07": -0.001024947,
        "B08": 0.123722241,
        "B09": 0.157148551,
        "C10": 0.067139899,
        "C11": 0.144877808,
        "C12": 0.235899830,
        "C13": 0.044497580,
        "C14": 0.099727146,
        "C15": 0.022562914,
        "C16": 0.027017703,
        "C17": 0.090071714,
        "C18": 0.046263973,
        "C19": 0.303567632,
        "C20": 0.184599991,
        "C21": 0.169127452,
        "C22": 0.056826078,
        "C23": 0.068401538,
        "C24": 0.127151976,
        "C25": 0.054732037,
        "C26": 0.090701058,
        "C27": 0.062305698,
        "C28": 0.102477487,
        "C29": 0.135797776,
        "C30": 0.177011729,
        "C31": 0.025522533,
        "C32": 0.042456647,
        "C33": 0.105984764,
        "D35": 0.196983555,
        "E36": 0.145651217,
        "E37": 0.134120689,
        "E38": 0.067837492,
        "E39": 0.110595957,
        "F41": 0.108084943,
        "F42": 0.131379863,
        "F43": 0.058391297,
        "G45": 0.031298830,
        "G46": 0.085947430,
        "G47": -0.051323025,
        "H49": 0.041282741,
        "H50": 0.110550818,
        "H51": 0.179168702,
        "H52": 0.036295049,
        "H53": -0.033184308,
        "I55": -0.021191292,
        "I56": -0.010728085,
        "J58": 0.079802874,
        "J59": 0.088887674,
        "J60": 0.221877373,
        "J61": 0.130261668,
        "J62": 0.143171692,
        "J63": 0.134984086,
        "K64": 0.159730378,
        "K65": 0.102246582,
        "K66": 0.160958305,
        "L68": 0.075329166,
        "M69": 0.017125045,
        "M70": 0.146968911,
        "M71": 0.077671346,
        "M72": 0.079684217,
        "M73": 0.070550439,
        "M74": 0.096684835,
        "M75": -0.016695596,
        "N77": 0.067212069,
        "N78": -0.018298912,
        "N79": 0.045022709,
        "N80": -0.008813343,
        "N81": -0.002791367,
        "N82": -0.012158901,
        "O84": -0.075862911,
        "P85": -0.050580188,
        "Q86": 0.018828812,
        "Q87": 0.009493248,
        "Q88": 0.010629488,
        "R90": -0.011065434,
        "R91": 0.022273732,
        "R92": -0.003772186,
        "R93": 0.002862699,
        "S94": 0.057736125,
        "S95": -0.023689310,
        "S96": 0,
        "011": 0.324414702,
        "012": 0.265010360,
        "013": 0.277268302,
        "014": 0.196382845,
        "111": 0.272073208,
        "112": 0.205631210,
        "113": 0.144362624,
        "114": 0.246059931,
        "115": 0.239926628,
        "116": 0.213101742,
        "117": 0.220245817,
        "121": 0.238225767,
        "122": 0.138976554,
        "211": 0.311014375,
        "212": 0.235709369,
        "213": 0.192487628,
        "214": 0.184473406,
        "221": 0.187922927,
        "222": 0.227644772,
        "223": 0.191652073,
        "231": 0.228312977,
        "232": 0.183763386,
        "233": 0.143540381,
        "234": 0.210318068,
        "241": 0.214275726,
        "242": 0.237079103,
        "243": 0.217300393,
        "244": 0.243498050,
        "245": 0.272281530,
        "251": 0.277136565,
        "252": 0.257803772,
        "261": 0.326434982,
        "262": 0.292696964,
        "263": 0.305334828,
        "271": 0.335334623,
        "272": 0.296638909,
        "273": 0.293303760,
        "281": 0.150509584,
        "282": 0.118938023,
        "283": 0.181115458,
        "291": 0.259936922,
        "292": 0.188994131,
        "293": 0.197931902,
        "311": 0.263950287,
        "312": 0.264509653,
        "321": 0.247874691,
        "322": 0.263864388,
        "331": 0.254813343,
        "332": 0.186287606,
        "333": 0.220625510,
        "341": 0.187654987,
        "342": 0.312960888,
        "343": 0.276810048,
        "411": 0.300593388,
        "412": 0.286787085,
        "413": 0.297617362,
        "414": 0.276355212,
        "421": 0.240656138,
        "422": 0.421908814,
        "423": 0.298803695,
        "431": 0.413060018,
        "432": 0.345106792,
        "433": 0.384248705,
        "434": 0.340381827,
        "511": 0.345797005,
        "512": 0.294556290,
        "513": 0.161966400,
        "514": 0.123677787,
        "515": 0.195352023,
        "516": 0.254875197,
        "521": 0.170766638,
        "522": 0.291462083,
        "523": 0.629419778,
        "524": 0.397946284,
        "525": 0.241157026,
        "531": 0.298280190,
        "532": 0.308306628,
        "533": 0.297229880,
        "541": 0.147382018,
        "611": 0.409368714,
        "612": 0.326151519,
        "613": 0.378982287,
        "621": 0.218242587,
        "622": 0.289276139,
        "623": 0.130814708,
        "624": 0.251260091,
        "625": 0.165020433,
        "631": 0.225060386,
        "632": 0.215047295,
        "633": 0.199669527,
        "634": 0.302006670,
        "711": 0.469990596,
        "712": 0.350166111,
        "713": 0.374279885,
        "714": 0.332620176,
        "715": 0.382123618,
        "721": 0.352172778,
        "722": 0.338461980,
        "723": 0.425915720,
        "731": 0.449703732,
        "732": 0.305269033,
        "733": 0.272158805,
        "811": 0.284299187,
        "812": 0.420880999,
        "813": 0.450050010,
        "814": 0.614001690,
        "815": 0.361704876,
        "816": 0.288182490,
        "817": 0.253068175,
        "818": 0.384048390,
        "821": 0.447740624,
        "822": 0.326398211,
        "823": 0.087796121,
        "824": 0.298338174,
        "825": 0.305895595,
        "831": 0.360282402,
        "832": 0.185143732,
        "833": 0.232459309,
        "841": 0.316527786,
        "842": 0.331345268,
        "843": 0.330167898,
        "844": 0.185305598,
        "845": 0.242833457,
        "911": 0.263473321,
        "912": 0.187928344,
        "913": 0.260811421,
        "914": 0.371484396,
        "921": 0.368339239,
        "922": 0.410620475,
        "923": 0.338032405,
        "924": 0.180190543,
        "931": 0.286454744,
        "932": 0.152226703,
        "933": 0.133953499,
        "934": 0.095117592,
        "935": 0.192503783,
        "936": 0.179482292,
        "941": 0.334955898,
        "942": 0.342982587,
        "943": 0.377305867,
        "944": 0.286798622,
        "945": 0.300708704,
        "946": 0.297907806,
        "947": 0,
        "Lead1": 0.084850401,
        "Lead0": 0,
        "AnfN1": 0,
        "AnfN2": 0.097928624,
        "AnfN3": 0.202702827,
        "AnfN4": 0.311054628,
        "GPG": -0.080454935
    },
    "maenner": {
        "Intercept": 7.848619762,